Date,Close,High,Low,Open,Volume,Ticker,RSI,MACD,MACD_signal,20DMA,50DMA,Signal
,RELIANCE.NS,RELIANCE.NS,RELIANCE.NS,RELIANCE.NS,RELIANCE.NS,,,,,,,Hold
2024-08-01,1510.174560546875,1512.8653791590948,1499.2117679442729,1506.88567410313,10764222,RELIANCE.NS,,,,,,Hold
2024-08-02,1494.25341796875,1504.219592524845,1488.2239553567551,1499.9092706922956,10268248,RELIANCE.NS,,,,,,Hold
2024-08-05,1442.4293212890625,1478.8806780007048,1428.401979157231,1474.9938455626734,17046704,RELIANCE.NS,,,,,,Hold
2024-08-06,1451.125,1472.5023973081068,1446.415884855267,1450.2280198935075,10236186,RELIANCE.NS,,,,,,Hold
2024-08-07,1459.8701171875,1467.5192048297954,1456.5564128072976,1464.0310437317278,8174568,RELIANCE.NS,,,,,,Hold
2024-08-08,1444.223388671875,1460.0446920757677,1441.0342612156307,1452.5950003162839,12387192,RELIANCE.NS,,,,,,Hold
2024-08-09,1469.313232421875,1471.505742264147,1451.075083465356,1455.0615534748763,6249776,RELIANCE.NS,,,,,,Hold
2024-08-12,1455.6844482421875,1468.0175899089377,1452.8191729054677,1465.027737383665,8184584,RELIANCE.NS,,,,,,Hold
2024-08-13,1458.67431640625,1465.1024507415398,1453.0683428612606,1455.809041038811,6265064,RELIANCE.NS,,,,,,Hold
2024-08-14,1456.9052734375,1467.020965431434,1448.782816450946,1458.5995961882188,6267466,RELIANCE.NS,,,,,,Hold
2024-08-16,1473.199951171875,1475.392582683191,1453.1182057182932,1463.682326968092,9416902,RELIANCE.NS,,,,,,Hold
2024-08-19,1488.4000244140625,1498.300048828125,1480.5,1482.5,13797742,RELIANCE.NS,,,,,,Hold
2024-08-20,1495.949951171875,1503.925048828125,1490.0250244140625,1497.2249755859375,8411808,RELIANCE.NS,,,,,,Hold
2024-08-21,1498.675048828125,1507.875,1490.0,1493.25,7769996,RELIANCE.NS,56.081189705856296,,,,,Hold
2024-08-22,1498.125,1506.5,1490.6500244140625,1503.0,10445782,RELIANCE.NS,55.77998419277668,,,,,Hold
2024-08-23,1499.9749755859375,1511.324951171875,1498.425048828125,1503.75,9249654,RELIANCE.NS,56.62379805809034,,,,,Hold
2024-08-26,1512.5999755859375,1523.0,1503.0,1506.9749755859375,8816114,RELIANCE.NS,61.95877267074377,,,,,Hold
2024-08-27,1500.449951171875,1513.4749755859375,1499.449951171875,1510.5,6251156,RELIANCE.NS,54.95376329504266,,,,,Hold
2024-08-28,1498.300048828125,1507.4749755859375,1493.0,1505.0,9610286,RELIANCE.NS,53.79479269624099,,,,,Hold
2024-08-29,1520.925048828125,1537.0,1494.0,1503.0999755859375,38335358,RELIANCE.NS,62.70818529314575,,,1481.4626525878907,,Hold
2024-08-30,1509.625,1539.7249755859375,1503.324951171875,1534.0,41620730,RELIANCE.NS,56.81326082537663,,,1481.4351745605468,,Hold
2024-09-02,1516.25,1526.800048828125,1506.625,1510.875,11240852,RELIANCE.NS,59.23291824540711,,,1482.5350036621094,,Hold
2024-09-03,1509.125,1523.0,1507.5,1521.25,10923800,RELIANCE.NS,55.62343568294475,,,1485.8697875976563,,Hold
2024-09-04,1514.550048828125,1517.5,1499.5,1500.699951171875,11983304,RELIANCE.NS,57.73528639733158,,,1489.0410400390624,,Hold
2024-09-05,1492.9749755859375,1525.7750244140625,1487.050048828125,1519.050048828125,16264168,RELIANCE.NS,47.96013959242926,,,1490.6962829589845,,Hold
2024-09-06,1464.824951171875,1497.0,1461.625,1492.5,19394228,RELIANCE.NS,38.743167566918096,1.408489746065925,,1491.7263610839843,,Hold
2024-09-09,1462.449951171875,1469.925048828125,1455.5999755859375,1466.5,9010298,RELIANCE.NS,38.07827027443599,-1.4403154885255844,,1491.3831970214844,,Hold
2024-09-10,1461.5250244140625,1472.050048828125,1457.574951171875,1460.5,10768260,RELIANCE.NS,37.80615659083605,-3.729654881053421,,1491.675225830078,,Hold
2024-09-11,1451.5,1468.75,1447.550048828125,1463.050048828125,9760202,RELIANCE.NS,34.89541089136881,-6.2805107130043325,,1491.3165100097656,,Hold
2024-09-12,1479.800048828125,1486.0,1445.875,1457.0,22349376,RELIANCE.NS,47.24360104633543,-5.949917960146649,,1492.461248779297,,Hold
2024-09-13,1472.625,1483.1500244140625,1469.5,1476.4000244140625,8711328,RELIANCE.NS,44.91749457310031,-6.1954697786966335,,1492.4325012207032,,Hold
2024-09-16,1471.3499755859375,1480.9000244140625,1464.75,1477.550048828125,5481774,RELIANCE.NS,44.49821136066453,-6.418961387187437,,1491.5799987792968,,Hold
2024-09-17,1472.300048828125,1477.4749755859375,1466.625,1474.0,5935328,RELIANCE.NS,44.910860749641934,-6.4451217746659495,,1490.397503662109,,Hold
2024-09-18,1463.449951171875,1482.0,1460.550048828125,1470.0,8574714,RELIANCE.NS,41.79368992404031,-7.098159819774082,-4.825558613122851,1488.636248779297,,Hold
2024-09-19,1469.675048828125,1476.5,1455.550048828125,1466.25,16955902,RELIANCE.NS,44.70111408586611,-7.032319616784434,-5.266910813855168,1487.2137512207032,,Hold
2024-09-20,1485.925048828125,1495.0,1471.375,1474.0,30897320,RELIANCE.NS,51.51008706784949,-5.604298721373198,-5.334388395358774,1486.5112548828124,,Hold
2024-09-23,1493.375,1501.5,1488.949951171875,1491.0,8832314,RELIANCE.NS,54.28897439968838,-3.827314180244912,-5.032973552336002,1485.5500061035157,,Hold
2024-09-24,1489.375,1500.5,1487.875,1488.5,17137444,RELIANCE.NS,52.54771055664181,-2.710562027734113,-4.568491247415624,1484.9962585449218,,Hold
2024-09-25,1493.949951171875,1496.5,1480.199951171875,1483.9000244140625,7069002,RELIANCE.NS,54.35111954926201,-1.4397707945036018,-3.94274715683322,1484.7787536621097,,Hold
2024-09-26,1497.949951171875,1504.0,1488.050048828125,1490.6500244140625,18818998,RELIANCE.NS,55.92820775441439,-0.1086406739439098,-3.175925860255357,1483.6299987792968,,Hold
2024-09-27,1526.175048828125,1533.4749755859375,1492.0,1499.0,20597478,RELIANCE.NS,65.09259718431275,3.187080352337261,-1.9033246177368337,1484.457501220703,,Hold
2024-09-30,1476.574951171875,1524.9749755859375,1474.4000244140625,1519.4000244140625,27008814,RELIANCE.NS,46.7106809155584,1.7761750145680253,-1.167424691275862,1482.4737487792968,,Hold
2024-10-01,1464.824951171875,1487.949951171875,1462.824951171875,1480.6500244140625,16431642,RELIANCE.NS,43.57159865680108,-0.2867983983801423,-0.991299432696718,1480.258746337891,,Hold
2024-10-03,1406.9749755859375,1449.4000244140625,1402.074951171875,1436.574951171875,37757294,RELIANCE.NS,32.124938289793576,-6.514632618817814,-2.0959660699209373,1474.8799926757813,,Hold
2024-10-04,1386.5250244140625,1417.3499755859375,1381.7750244140625,1403.925048828125,37072876,RELIANCE.NS,29.20418929450864,-12.951084222685497,-4.266989700473849,1469.5574951171875,,Hold
2024-10-07,1370.7249755859375,1396.5,1361.375,1393.5,22181340,RELIANCE.NS,27.15029836242697,-19.106700237957057,-7.234931807970491,1464.852496337891,,Hold
2024-10-08,1397.3499755859375,1401.0,1365.0999755859375,1372.9749755859375,17020808,RELIANCE.NS,35.39566133331367,-21.58780452071437,-10.105506350519269,1461.5974975585937,,Hold
2024-10-09,1374.5999755859375,1400.9749755859375,1372.5,1397.5250244140625,14310610,RELIANCE.NS,32.05693748453332,-25.100489591014597,-13.104502998618331,1457.2512451171874,,Hold
2024-10-10,1371.050048828125,1386.0,1369.425048828125,1380.0250244140625,22358646,RELIANCE.NS,31.556735723755835,-27.849732853656405,-16.05354896962595,1453.2287475585938,,Hold
2024-10-11,1372.0999755859375,1383.2750244140625,1368.824951171875,1370.0,7980122,RELIANCE.NS,31.895209589287347,-29.60256765876511,-18.763352707453784,1447.8437438964845,1468.97505859375,Hold
2024-10-14,1372.5250244140625,1380.074951171875,1368.25,1379.449951171875,12221432,RELIANCE.NS,32.0417310492562,-30.60461305358649,-21.131604776680327,1442.8387451171875,1466.2220678710937,Hold
2024-10-15,1344.0250244140625,1371.699951171875,1340.699951171875,1358.5250244140625,33762794,RELIANCE.NS,27.73332834040964,-33.31442510874763,-23.568168843093787,1436.4724975585937,1463.2175,Hold
2024-10-16,1354.074951171875,1364.0,1337.625,1340.0,20034438,RELIANCE.NS,31.244180196128937,-34.25614210451863,-25.70576349537876,1430.5612426757812,1461.4504125976562,Hold
2024-10-17,1356.425048828125,1368.449951171875,1352.050048828125,1365.699951171875,15543660,RELIANCE.NS,32.075198378165965,-34.41609900207959,-27.447830596718926,1425.2099975585938,1459.5564135742188,Hold
2024-10-18,1359.300048828125,1368.425048828125,1341.324951171875,1352.175048828125,12082452,RELIANCE.NS,33.13984399353488,-33.91987037193985,-28.742238551763112,1419.6912475585937,1457.5450122070313,Hold
2024-10-21,1369.199951171875,1374.0,1357.7249755859375,1367.125,14067408,RELIANCE.NS,36.81254280777159,-32.3548002283469,-29.464750887079877,1413.8549926757812,1456.0445434570313,Hold
2024-10-22,1343.3499755859375,1376.0,1340.2249755859375,1369.199951171875,15831960,RELIANCE.NS,31.88708445502597,-32.8219963138306,-30.13619997243002,1406.353741455078,1453.5252783203125,Hold
2024-10-23,1338.5250244140625,1357.4749755859375,1335.0,1337.5,17214742,RELIANCE.NS,31.051948540524435,-33.1988896786886,-30.748737913681737,1398.8112426757812,1451.18208984375,Hold
2024-10-24,1339.800048828125,1343.699951171875,1323.125,1335.2750244140625,22155934,RELIANCE.NS,31.562041881035896,-33.01413022862448,-31.201816376670287,1391.1037475585938,1448.8046044921875,Hold
2024-10-25,1327.8499755859375,1344.3499755859375,1322.0,1343.5,18597496,RELIANCE.NS,29.36896879962849,-33.44642846537408,-31.650738794411048,1382.5987487792968,1446.2234985351563,Hold
2024-10-28,1334.3499755859375,1353.0,1322.0999755859375,1337.0,10824350,RELIANCE.NS,32.131356638867985,-32.88544926664099,-31.89768088885704,1373.0074951171875,1443.4464990234376,Hold
2024-10-29,1340.0,1343.199951171875,1320.300048828125,1328.0999755859375,12008361,RELIANCE.NS,34.528335158760555,-31.62045849652168,-31.84223641038997,1366.1787475585938,1440.4784985351562,Hold
2024-10-30,1343.9000244140625,1350.0,1325.3499755859375,1335.0,11984423,RELIANCE.NS,36.20325933084421,-29.957908697767607,-31.4653708678655,1360.132501220703,1437.4375,Hold
2024-10-31,1332.050048828125,1343.0,1326.1500244140625,1340.0,9331650,RELIANCE.NS,33.406782481845056,-29.25923772043916,-31.02414423838023,1356.3862548828124,1434.105,Hold
2024-11-01,1338.6500244140625,1341.949951171875,1333.0,1333.050048828125,2127335,RELIANCE.NS,36.35550534010714,-27.85191354364906,-30.389698099434,1353.9925048828125,1430.9155004882812,Hold
2024-11-04,1302.1500244140625,1340.0,1285.0999755859375,1337.8499755859375,19796890,RELIANCE.NS,28.768693466199096,-29.34358931917086,-30.18047634338137,1350.5637573242188,1426.9590014648438,Hold
2024-11-05,1305.300048828125,1309.550048828125,1286.1500244140625,1293.0,16267479,RELIANCE.NS,30.123955220652107,-29.92659728896592,-30.129700532498283,1345.9612609863282,1422.8130029296874,Hold
2024-11-06,1325.3499755859375,1328.300048828125,1300.199951171875,1310.0,21625209,RELIANCE.NS,38.185629996412246,-28.44290171437615,-29.79234076887386,1343.498760986328,1419.3110034179688,Hold
2024-11-07,1305.6500244140625,1324.0,1302.5999755859375,1324.0,9611974,RELIANCE.NS,34.03120153457627,-28.527832605951065,-29.539439136289303,1340.228759765625,1415.4580029296876,Hold
2024-11-08,1283.75,1301.6500244140625,1275.0,1297.6500244140625,19814406,RELIANCE.NS,30.10946434301252,-30.01628089185715,-29.634807487402878,1335.811260986328,1410.714501953125,Hold
2024-11-11,1272.699951171875,1286.0,1267.0,1278.949951171875,9056552,RELIANCE.NS,28.33514831550717,-31.72186357631404,-30.05221870518511,1330.8200073242188,1405.9760009765623,Hold
2024-11-12,1274.25,1289.300048828125,1267.5,1275.550048828125,10671091,RELIANCE.NS,28.967488789101623,-32.572992968715425,-30.55637355789117,1327.3312561035157,1401.1360009765624,Hold
2024-11-13,1252.050048828125,1275.449951171875,1249.5,1270.25,14633633,RELIANCE.NS,25.49746043274476,-34.63956631301153,-31.373012108915248,1322.230010986328,1395.994501953125,Hold
2024-11-14,1267.5999755859375,1272.5999755859375,1251.0999755859375,1253.5999755859375,12612633,RELIANCE.NS,31.671704266489485,-34.62347359281398,-32.023104405694994,1317.7887573242188,1391.0555004882813,Hold
2024-11-18,1260.75,1272.9000244140625,1243.9000244140625,1267.5999755859375,13620611,RELIANCE.NS,30.47363395688033,-34.76273263549388,-32.57103005165477,1312.8612548828123,1386.4110009765625,Hold
2024-11-19,1241.6500244140625,1281.5,1235.1500244140625,1260.75,14183746,RELIANCE.NS,27.36522361425142,-35.99932700187901,-33.25668944169962,1306.4837585449218,1381.9475024414062,Hold
2024-11-21,1223.0,1243.949951171875,1217.25,1241.6500244140625,19433843,RELIANCE.NS,24.714319432213543,-38.04567123647234,-34.21448580065417,1300.466259765625,1377.1585034179689,Hold
2024-11-22,1265.4000244140625,1268.8499755859375,1222.449951171875,1229.4000244140625,20471957,RELIANCE.NS,39.14703782330746,-35.83302535605503,-34.538193711734344,1296.810009765625,1373.2360034179687,Hold
2024-11-25,1287.0,1304.449951171875,1282.449951171875,1290.0,28923341,RELIANCE.NS,44.93810675220804,-31.96804235051286,-34.024163439490046,1294.170007324219,1369.9460034179688,Hold
2024-11-26,1295.699951171875,1297.8499755859375,1284.199951171875,1294.949951171875,9247557,RELIANCE.NS,47.12088408197948,-27.8816003882946,-32.79565082925096,1292.5625061035155,1366.2640014648437,Hold
2024-11-27,1293.199951171875,1303.8499755859375,1286.0,1293.5,9572746,RELIANCE.NS,46.54982086774524,-24.56166323398338,-31.148853310197445,1290.5050048828125,1362.6755004882812,Hold
2024-11-28,1270.800048828125,1296.5999755859375,1269.050048828125,1289.949951171875,15027412,RELIANCE.NS,41.676220824540486,-23.46755467345201,-29.61259358284836,1287.045007324219,1358.664501953125,Hold
2024-11-29,1292.199951171875,1299.5,1275.25,1280.0,13202307,RELIANCE.NS,47.34773804025137,-20.635795874406767,-27.817234041160045,1284.460003662109,1355.0625,Hold
2024-12-02,1309.1500244140625,1311.3499755859375,1277.050048828125,1288.0,11024152,RELIANCE.NS,51.38055118354122,-16.829873070941176,-25.619761847116276,1283.3150024414062,1351.9765014648438,Hold
2024-12-03,1323.300048828125,1326.800048828125,1307.0,1317.0,16869482,RELIANCE.NS,54.51276160876779,-12.527454419002652,-23.00130036149355,1282.5475036621094,1349.0490014648435,Hold
2024-12-04,1308.949951171875,1328.4000244140625,1304.050048828125,1326.0,19608540,RELIANCE.NS,50.929390952095545,-10.15858771648368,-20.43275783249157,1282.8875,1345.5094995117188,Hold
2024-12-05,1322.050048828125,1329.949951171875,1306.1500244140625,1314.3499755859375,16858723,RELIANCE.NS,53.9080641515752,-7.141848604137067,-17.774575986820672,1283.725,1342.0830004882812,Hold
2024-12-06,1311.550048828125,1323.9000244140625,1310.0,1323.9000244140625,9037514,RELIANCE.NS,51.224108898964005,-5.534524814074757,-15.32656575227149,1283.0350036621094,1338.5265014648437,Hold
2024-12-09,1295.1500244140625,1315.0,1293.0999755859375,1303.0,14650002,RELIANCE.NS,47.26581056698626,-5.520418096326466,-13.365336221082485,1282.5100036621093,1334.5505029296876,Hold
2024-12-10,1284.8499755859375,1294.9000244140625,1280.199951171875,1289.25,16043729,RELIANCE.NS,44.91814928408232,-6.268111393823119,-11.945891255630611,1282.5650024414062,1330.2885034179687,Hold
2024-12-11,1278.199951171875,1290.0,1276.050048828125,1285.0,11724373,RELIANCE.NS,43.41869331809215,-7.312965795048512,-11.019306163514194,1282.8400024414063,1325.3290014648437,Hold
2024-12-12,1262.9000244140625,1278.199951171875,1260.5999755859375,1270.0,20906813,RELIANCE.NS,40.101835121230685,-9.268752251958858,-10.669195381203128,1282.272503662109,1321.0555029296877,Hold
2024-12-13,1272.8499755859375,1275.199951171875,1239.5999755859375,1260.0,28630222,RELIANCE.NS,43.143733987585136,-9.901708473696772,-10.515697999701858,1283.3125,1317.2160034179688,Hold
2024-12-16,1268.300048828125,1281.0,1266.550048828125,1275.0,9486781,RELIANCE.NS,42.0910709598957,-10.647731483103826,-10.542104696382252,1283.3475036621094,1314.4425048828125,Hold
2024-12-17,1245.300048828125,1263.9000244140625,1242.800048828125,1261.050048828125,17462791,RELIANCE.NS,37.15584645850422,-12.94563861032475,-11.022811479170752,1282.5750061035155,1311.6180053710937,Hold
2024-12-18,1253.25,1259.949951171875,1240.6500244140625,1240.6500244140625,12670179,RELIANCE.NS,39.78399660817988,-13.96428041297986,-11.611105265932576,1283.1550048828126,1309.268505859375,Hold
2024-12-19,1230.449951171875,1244.9000244140625,1229.0,1239.0,14244653,RELIANCE.NS,35.23314473796248,-16.422031812597425,-12.573290575265544,1283.5275024414063,1305.9305053710937,Hold
2024-12-20,1205.300048828125,1239.5,1201.5,1224.0,20312896,RELIANCE.NS,31.018249500166192,-20.166734870344957,-14.091979434281429,1280.522503662109,1302.5445068359377,Hold
2024-12-23,1222.300048828125,1227.199951171875,1213.199951171875,1215.0,10052824,RELIANCE.NS,36.54416502448503,-21.51467333586993,-15.576518214599128,1277.2875061035156,1299.5695068359375,Hold
2024-12-24,1222.75,1233.550048828125,1221.0,1222.300048828125,6734917,RELIANCE.NS,36.68872638603494,-22.28967547793104,-16.91914966726551,1273.6400085449218,1296.5825073242188,Hold
2024-12-26,1216.550048828125,1227.699951171875,1214.25,1224.25,10016178,RELIANCE.NS,35.48900057794053,-23.13744049208367,-18.16280783222914,1269.8075134277344,1293.4630078125,Hold
2024-12-27,1221.050048828125,1227.9000244140625,1217.0,1218.300048828125,7000397,RELIANCE.NS,37.096796984134286,-23.17899495625329,-19.16604525703397,1267.3200134277345,1291.0035083007813,Hold
2024-12-30,1210.699951171875,1223.199951171875,1208.0999755859375,1216.4000244140625,8818766,RELIANCE.NS,34.93987120869649,-23.77305259783907,-20.087446725194997,1263.2450134277344,1288.1360083007812,Hold
2024-12-31,1215.449951171875,1219.0999755859375,1206.1500244140625,1208.0,6405475,RELIANCE.NS,36.75724155179672,-23.588647016769983,-20.78768678350999,1258.560009765625,1285.3165063476563,Hold
2025-01-01,1221.25,1226.300048828125,1211.5999755859375,1214.8499755859375,5892590,RELIANCE.NS,38.99800135840994,-22.712671261645937,-21.17268367913718,1253.4575073242188,1282.5555053710937,Hold
2025-01-02,1241.800048828125,1244.449951171875,1220.0,1221.25,15486276,RELIANCE.NS,46.26282719410344,-20.12821147562522,-20.96378923843479,1250.100012207031,1280.0075073242188,Hold
2025-01-03,1251.1500244140625,1262.050048828125,1235.5,1243.9000244140625,15521102,RELIANCE.NS,49.22566378461328,-17.12810149424513,-20.19665168959686,1246.5550109863282,1278.1635083007814,Hold
2025-01-06,1218.0,1262.0,1215.0,1253.949951171875,14816766,RELIANCE.NS,40.66493029457786,-17.226842328254406,-19.60268981732837,1241.877508544922,1275.7530078125,Hold
2025-01-07,1240.8499755859375,1244.5,1221.25,1222.0,10070505,RELIANCE.NS,47.44895365483109,-15.285096013819157,-18.739171056626528,1239.1625061035156,1273.7740063476565,Hold
2025-01-08,1265.5,1271.050048828125,1245.3499755859375,1249.0,19346579,RELIANCE.NS,53.61077737089703,-11.623211956501107,-17.315979236601446,1238.1950073242188,1272.5270068359375,Hold
2025-01-09,1254.75,1269.75,1248.050048828125,1267.0,12794704,RELIANCE.NS,50.81260077479367,-9.479306077331556,-15.748644604747469,1237.022509765625,1270.9350073242188,Hold
2025-01-10,1241.9000244140625,1256.75,1236.0,1253.8499755859375,8120332,RELIANCE.NS,47.613474303174456,-8.716650736378142,-14.342245831073605,1235.972509765625,1268.9730078125,Hold
2025-01-13,1239.8499755859375,1245.25,1226.4000244140625,1230.0,13764861,RELIANCE.NS,47.103951166628846,-8.183330353129577,-13.1104627354848,1234.322509765625,1266.8920068359375,Hold
2025-01-14,1238.75,1253.3499755859375,1227.25,1244.0999755859375,13095266,RELIANCE.NS,46.81447175040571,-7.759976762247561,-12.040365540837351,1232.8450073242188,1265.026005859375,Hold
2025-01-15,1252.199951171875,1257.0,1241.8499755859375,1244.949951171875,9578856,RELIANCE.NS,50.79628247208604,-6.266926114515172,-10.885677655572918,1233.1900024414062,1263.2970043945313,Hold
2025-01-16,1266.449951171875,1275.0,1251.300048828125,1258.9000244140625,14117603,RELIANCE.NS,54.66855189917622,-3.888986990343028,-9.48633952252694,1233.85,1262.5830029296876,Hold
2025-01-17,1302.3499755859375,1326.0,1285.0,1322.25,29366277,RELIANCE.NS,62.64456731666744,0.8822092794646323,-7.412629762128626,1237.445001220703,1262.5240014648436,Hold
2025-01-20,1305.449951171875,1316.0,1300.25,1316.0,14040244,RELIANCE.NS,63.24593486118834,4.857563847799383,-4.958591040143024,1242.4524963378906,1262.1260009765624,Hold
2025-01-21,1273.699951171875,1313.0,1270.199951171875,1310.5,14562976,RELIANCE.NS,53.709100623559145,5.384037497089594,-2.8900653326965005,1245.022491455078,1261.4869995117188,Hold
2025-01-22,1277.0999755859375,1282.9000244140625,1268.699951171875,1278.300048828125,10273590,RELIANCE.NS,54.5003308068627,6.006387318058842,-1.1107748025454318,1247.739990234375,1261.3539990234376,Hold
2025-01-23,1263.6500244140625,1277.3499755859375,1261.5999755859375,1270.0,8720682,RELIANCE.NS,50.80116137346828,5.352603895499669,0.1819009370635883,1250.094989013672,1261.173000488281,Hold
2025-01-24,1246.300048828125,1273.0,1243.5,1266.0,14235970,RELIANCE.NS,46.42383486847201,3.3953384448102497,0.8245884386129206,1251.357489013672,1260.6140014648438,Hold
2025-01-27,1229.3499755859375,1240.449951171875,1220.0,1239.0999755859375,9536019,RELIANCE.NS,42.56508848010066,0.4710324519323876,0.7538772412768141,1252.289990234375,1260.16,Hold
2025-01-28,1234.4000244140625,1244.75,1218.5,1238.0,10568025,RELIANCE.NS,44.05705550972597,-1.422605470180315,0.3185806989853882,1253.2374938964845,1259.4960009765623,Hold
2025-01-29,1235.5,1242.75,1228.050048828125,1236.0,5928156,RELIANCE.NS,44.395870384610696,-2.8022655564880097,-0.3055885521092913,1253.9499938964843,1258.9910009765624,Hold
2025-01-30,1253.050048828125,1257.0,1232.4000244140625,1235.550048828125,9269259,RELIANCE.NS,49.63682299119992,-2.4512572782007283,-0.7347222973275788,1254.5124938964843,1259.2190014648438,Hold
2025-01-31,1265.0999755859375,1267.0,1249.0,1255.8499755859375,6584612,RELIANCE.NS,52.91813554136073,-1.1870685179144402,-0.8251915414449511,1255.209991455078,1260.0610009765626,Hold
2025-02-01,1264.5999755859375,1270.550048828125,1241.0,1265.0999755859375,7118453,RELIANCE.NS,52.76451590961251,-0.2229654320155987,-0.7047463195590807,1257.539990234375,1260.045,Hold
2025-02-03,1245.9000244140625,1256.0,1237.550048828125,1251.0,9252345,RELIANCE.NS,47.24099077792005,-0.9568070914524468,-0.7551584739377539,1257.7924926757812,1259.2230004882813,Hold
2025-02-04,1285.199951171875,1288.800048828125,1246.5999755859375,1248.050048828125,16691069,RELIANCE.NS,57.3466279043236,1.614186416351913,-0.2812894958798205,1258.777490234375,1259.0130004882812,Hold
2025-02-05,1278.199951171875,1290.5,1276.699951171875,1282.6500244140625,10112028,RELIANCE.NS,55.31429236569299,3.0516977239897187,0.3853079480940874,1259.9499877929688,1258.7130004882813,Hold
2025-02-06,1281.550048828125,1288.0,1270.3499755859375,1273.699951171875,9956001,RELIANCE.NS,56.11585828761741,4.410420097435235,1.1903303779623169,1261.9324890136718,1258.9280004882812,Hold
2025-02-07,1266.699951171875,1283.699951171875,1262.0,1276.1500244140625,8764283,RELIANCE.NS,51.68966055290946,4.240061800947615,1.8002766625593765,1263.274987792969,1258.4180004882812,Hold
2025-02-10,1253.6500244140625,1266.5,1245.550048828125,1264.5,6970972,RELIANCE.NS,48.099228132036274,3.017250610188285,2.0436714520851584,1264.019989013672,1257.308000488281,Hold
2025-02-11,1234.8499755859375,1264.550048828125,1230.0999755859375,1264.550048828125,8859714,RELIANCE.NS,43.42005580064234,0.5251040372904754,1.739957969126222,1263.152490234375,1255.5389990234376,Hold
2025-02-12,1216.550048828125,1226.9000244140625,1193.3499755859375,1219.449951171875,21131654,RELIANCE.NS,39.40193036641539,-2.8932397601877256,0.8133184232634325,1260.6574951171874,1253.6910009765625,Hold
2025-02-13,1216.0999755859375,1228.0,1212.0,1217.050048828125,8511216,RELIANCE.NS,39.30559051681706,-5.574361230407021,-0.4642175074706581,1256.3449951171874,1251.5719995117188,Hold
2025-02-14,1217.25,1224.0,1205.449951171875,1219.0,10298145,RELIANCE.NS,39.71122370714153,-7.519689651475346,-1.875311936271596,1251.9349975585938,1249.6859985351562,Hold
2025-02-17,1224.9000244140625,1227.5,1204.5,1211.0999755859375,8166683,RELIANCE.NS,42.465778878830136,-8.347854533509917,-3.16982045571926,1249.4950012207032,1248.2809985351562,Hold
2025-02-18,1225.4000244140625,1229.9000244140625,1216.0999755859375,1224.8499755859375,6673250,RELIANCE.NS,42.65021190432067,-8.86168337802701,-4.308193040180811,1246.9100036621094,1247.0919995117188,Sell
2025-02-19,1227.449951171875,1232.75,1217.550048828125,1219.5,6217338,RELIANCE.NS,43.45058701867469,-8.999741068942285,-5.246502645933106,1245.1,1246.076999511719,Hold
2025-02-20,1233.0,1239.3499755859375,1222.0,1223.949951171875,7795582,RELIANCE.NS,45.66170007435828,-8.56260583685821,-5.909723284118127,1244.4349975585938,1245.4789990234376,Hold
2025-02-21,1228.1500244140625,1240.0,1222.1500244140625,1228.699951171875,6904025,RELIANCE.NS,44.04112669496263,-8.5094340540536,-6.429665438105221,1244.375,1244.585,Hold
2025-02-24,1214.550048828125,1223.25,1210.5,1216.550048828125,7172498,RELIANCE.NS,39.77787066882996,-9.45569997974826,-7.03487234643383,1243.382501220703,1243.51,Hold
2025-02-25,1204.0,1221.0,1201.5,1211.0,11552182,RELIANCE.NS,36.8017376193575,-10.93091848924837,-7.814081574996738,1241.8075012207032,1242.6839990234375,Hold
2025-02-27,1207.0999755859375,1215.0,1200.6500244140625,1212.800048828125,11509215,RELIANCE.NS,38.26338335432211,-11.714856095371944,-8.59423647907178,1239.5099975585938,1241.7609985351562,Hold
2025-02-28,1200.0999755859375,1217.3499755859375,1193.300048828125,1202.0,23007298,RELIANCE.NS,36.22595973756789,-12.753954150364734,-9.426180013330372,1236.2599975585938,1241.1539990234376,Hold
2025-03-03,1171.25,1206.449951171875,1156.0,1204.0,17944938,RELIANCE.NS,29.30106126000921,-15.724140660130615,-10.68577214269042,1231.5924987792969,1240.472998046875,Hold
2025-03-04,1161.9000244140625,1174.0,1159.550048828125,1162.199951171875,11377373,RELIANCE.NS,27.46842221444112,-18.61788437509153,-12.272194589170644,1227.3924987792968,1239.2649975585937,Hold
2025-03-05,1175.5999755859375,1183.0,1157.0,1161.0,8664095,RELIANCE.NS,33.98376900228024,-19.580019279084127,-13.733759527153342,1221.9125,1238.3219970703126,Hold
2025-03-06,1209.5999755859375,1213.949951171875,1185.1500244140625,1197.0,14468014,RELIANCE.NS,46.764515096771525,-17.39844384170965,-14.466696390064604,1218.4825012207032,1238.1829956054687,Hold
2025-03-07,1249.800048828125,1254.800048828125,1212.0,1216.0,16474965,RELIANCE.NS,57.292441422628535,-12.28411600288905,-14.030180312629495,1216.895001220703,1238.7579956054688,Hold
2025-03-10,1238.4000244140625,1258.0,1235.4000244140625,1245.0,11931051,RELIANCE.NS,54.0293092971074,-9.046577723420569,-13.033459794787712,1215.4800048828124,1239.3119970703126,Hold
2025-03-11,1247.300048828125,1249.5,1229.75,1240.0,10089838,RELIANCE.NS,56.13005978007162,-5.696976523018066,-11.566163140433783,1215.1625061035156,1239.9489990234374,Hold
2025-03-12,1257.050048828125,1263.0,1244.0,1258.0,11977555,RELIANCE.NS,58.37422033796283,-2.229944511044323,-9.69891941455589,1216.272509765625,1240.665,Hold
2025-03-13,1247.9000244140625,1264.1500244140625,1243.8499755859375,1260.050048828125,9505270,RELIANCE.NS,55.50463933814518,-0.2181128935424112,-7.802758110353195,1217.8400085449218,1240.7869995117187,Hold
2025-03-17,1238.8499755859375,1257.4000244140625,1233.0999755859375,1242.1500244140625,16640917,RELIANCE.NS,52.742947935841045,0.6386528591633578,-6.1144759164498845,1218.977508544922,1240.5409985351562,Hold
2025-03-18,1238.8499755859375,1238.8499755859375,1238.8499755859375,1238.8499755859375,0,RELIANCE.NS,52.742947935841045,1.302629983258612,-4.631054736508186,1220.0575073242187,1240.957998046875,Hold
2025-03-19,1247.1500244140625,1253.25,1238.800048828125,1241.050048828125,16162399,RELIANCE.NS,55.11822865456181,2.470107351864499,-3.210822318833649,1221.170007324219,1241.0839990234374,Hold
2025-03-20,1269.1500244140625,1273.0,1250.050048828125,1251.8499755859375,15971477,RELIANCE.NS,60.74965617924912,5.1116339813775085,-1.5463310587914176,1223.357507324219,1241.1569995117188,Hold
2025-03-21,1276.3499755859375,1281.0,1270.0999755859375,1275.0,21780769,RELIANCE.NS,62.41188427744393,7.697308967141225,0.3023969463951108,1225.802508544922,1241.5889990234375,Hold
2025-03-24,1302.0999755859375,1306.0,1284.25,1291.0,20299319,RELIANCE.NS,67.68308355374684,11.689535135849155,2.57982458428592,1229.2575073242188,1242.792998046875,Hold
2025-03-25,1285.449951171875,1307.699951171875,1282.5999755859375,1307.699951171875,13713899,RELIANCE.NS,61.661694868758026,13.35592650980243,4.735044969389223,1232.1225036621097,1243.7049975585935,Hold
2025-03-26,1273.050048828125,1293.800048828125,1268.75,1291.0,12074747,RELIANCE.NS,57.55504217137186,13.52013350744619,6.492062677000616,1235.0475036621094,1244.3909985351563,Hold
2025-03-27,1278.199951171875,1285.0,1271.300048828125,1278.1500244140625,15028056,RELIANCE.NS,58.78281016779616,13.905528538634826,7.974755849327458,1238.757501220703,1244.9109985351563,Hold
2025-03-28,1275.0999755859375,1295.75,1269.0,1280.0,18147129,RELIANCE.NS,57.700837519020645,13.801717151216051,9.140148109705176,1242.1575012207031,1245.0839990234374,Hold
2025-04-01,1252.5999755859375,1277.9000244140625,1249.300048828125,1264.5999755859375,12099648,RELIANCE.NS,50.44345972191792,11.768227122312965,9.665763912226735,1244.7825012207031,1244.0889990234375,Hold
2025-04-02,1251.1500244140625,1255.550048828125,1243.9000244140625,1247.550048828125,10142590,RELIANCE.NS,50.00696035876688,9.92526045778277,9.717663221337943,1248.7775024414063,1243.0030004882813,Hold
2025-04-03,1248.699951171875,1251.800048828125,1233.050048828125,1233.050048828125,7434366,RELIANCE.NS,49.23172394124264,8.172784886961836,9.408687554462723,1253.117498779297,1242.5030004882813,Hold
2025-04-04,1204.699951171875,1245.449951171875,1193.1500244140625,1241.0999755859375,17908652,RELIANCE.NS,37.8757730233032,3.196654056410125,8.166280854852204,1254.5724975585938,1241.055,Hold
2025-04-07,1165.699951171875,1171.25,1114.8499755859375,1132.199951171875,22156106,RELIANCE.NS,31.04117174212388,-3.8495641619012986,5.763111851501503,1252.3774963378903,1239.0959985351562,Hold
2025-04-08,1182.199951171875,1196.5999755859375,1163.300048828125,1172.0,19555040,RELIANCE.NS,36.27996995634008,-8.009996507736332,3.0084901796539363,1248.997491455078,1237.8139965820312,Hold
2025-04-09,1185.3499755859375,1189.800048828125,1168.0,1169.5,10223104,RELIANCE.NS,37.25991464097362,-10.927028489160648,0.2213864458910195,1246.344989013672,1236.933996582031,Hold
2025-04-11,1218.949951171875,1222.6500244140625,1195.1500244140625,1195.1500244140625,11224242,RELIANCE.NS,46.67945838493922,-10.40758793226246,-1.904408429739676,1244.9274841308593,1236.6249951171876,Hold
2025-04-15,1240.0999755859375,1251.0,1237.0999755859375,1251.0,13378535,RELIANCE.NS,51.6048750156349,-8.194832409556739,-3.1624932257030887,1244.07998046875,1236.716994628906,Hold
2025-04-16,1239.300048828125,1240.9000244140625,1229.0,1234.0999755859375,8248464,RELIANCE.NS,51.411441273356935,-6.431615460372768,-3.816317672637025,1243.6499816894532,1236.4419946289063,Hold
2025-04-17,1274.5,1280.199951171875,1227.5999755859375,1240.199951171875,15398401,RELIANCE.NS,58.74041090357332,-2.1689096037355284,-3.486836058856726,1245.4324829101563,1236.6299951171875,Hold
2025-04-21,1295.5,1300.9000244140625,1267.0,1270.0,10429964,RELIANCE.NS,62.38563748167871,2.870747800794561,-2.2153192869264684,1248.2649841308594,1237.2479956054688,Hold
2025-04-22,1291.199951171875,1303.9000244140625,1286.300048828125,1300.0,13051707,RELIANCE.NS,61.19345326650285,6.443458421464356,-0.4835637452483035,1250.46748046875,1238.153994140625,Hold
2025-04-23,1300.0,1306.0,1285.4000244140625,1297.0,10480888,RELIANCE.NS,62.76180597644962,9.871159145640831,1.5873808329295236,1252.0099792480469,1238.4499951171874,Hold
2025-04-24,1301.5999755859375,1304.5,1290.300048828125,1292.4000244140625,10468940,RELIANCE.NS,63.05416545521096,12.571821193994763,3.784268905142572,1253.272479248047,1238.9179956054688,Hold
2025-04-25,1300.4000244140625,1325.199951171875,1288.0999755859375,1303.5,14431012,RELIANCE.NS,62.6568531193651,14.448733290031214,5.917161782120301,1253.187481689453,1239.2949951171877,Hold
2025-04-28,1368.800048828125,1374.5999755859375,1320.199951171875,1340.0,31104496,RELIANCE.NS,73.07259373373482,21.2110027397282,8.975929973641882,1257.3549865722655,1241.3369970703125,Sell
2025-04-29,1399.699951171875,1410.9000244140625,1370.0,1371.0,32538970,RELIANCE.NS,76.28993755653528,28.73230574067657,12.92720512704882,1263.687481689453,1244.2579956054688,Sell
2025-04-30,1405.0,1412.4000244140625,1369.0,1402.0,25480745,RELIANCE.NS,76.80192850300591,34.72042673636179,17.285849448911414,1270.0274841308594,1247.66099609375,Sell
2025-05-02,1419.800048828125,1426.699951171875,1409.0999755859375,1414.0,13007841,RELIANCE.NS,78.21650092250565,40.19693082199001,21.86806572352713,1277.2624877929688,1251.72599609375,Sell
2025-05-05,1431.300048828125,1439.5,1426.9000244140625,1431.0,12685649,RELIANCE.NS,79.27406527871644,44.9469333868326,26.483839256188222,1286.197491455078,1256.0299975585938,Sell
2025-05-06,1420.9000244140625,1432.0,1410.5999755859375,1431.0,14084117,RELIANCE.NS,75.69501621795266,47.32659802555236,30.65239101006105,1294.684991455078,1260.102998046875,Sell
2025-05-07,1406.0,1424.4000244140625,1402.699951171875,1420.9000244140625,13440169,RELIANCE.NS,70.76559437671997,47.46306725618501,34.014526259285844,1302.5499938964845,1263.7249975585937,Sell
2025-05-08,1407.0,1420.800048828125,1398.0,1404.0999755859375,16106175,RELIANCE.NS,70.90255045947644,47.1088700180062,36.63339501102992,1312.664996337891,1267.3569970703124,Sell
2025-05-09,1377.199951171875,1394.800048828125,1374.5,1385.5,13668904,RELIANCE.NS,61.63590599862518,43.91729996741128,38.090176002306194,1323.2399963378907,1270.3519970703126,Hold
2025-05-12,1436.5,1439.0,1400.0,1400.0,10674081,RELIANCE.NS,70.02994437688965,45.64678829619834,39.601498461084624,1335.9549987792968,1274.4219970703125,Sell
2025-05-13,1415.699951171875,1447.699951171875,1412.4000244140625,1433.5,11407896,RELIANCE.NS,64.68385874368803,44.822346045611766,40.64566797799006,1347.4724975585937,1278.1729956054687,Hold
2025-05-14,1424.4000244140625,1429.9000244140625,1415.5,1420.0,5570160,RELIANCE.NS,65.85790585104081,44.35964247776997,41.38846287794604,1357.7450012207032,1282.3699951171875,Hold
2025-05-15,1454.199951171875,1461.4000244140625,1412.699951171875,1425.0,20177211,RELIANCE.NS,69.58734544996744,45.868804580764845,42.284531218509805,1368.45,1287.373994140625,Hold
2025-05-16,1456.4000244140625,1461.0,1447.300048828125,1453.199951171875,9036695,RELIANCE.NS,69.84919926070182,46.70397954025725,43.168420882859294,1379.304998779297,1292.3599951171875,Hold
2025-05-19,1440.800048828125,1454.5999755859375,1438.199951171875,1452.0999755859375,6195791,RELIANCE.NS,65.54013133691396,45.58163731602076,43.65106416949159,1387.6200012207032,1297.1739965820314,Hold
2025-05-20,1424.5999755859375,1445.0,1421.800048828125,1438.199951171875,11270560,RELIANCE.NS,61.31020850968305,42.89054696926769,43.498960729446814,1394.075,1302.24099609375,Hold
2025-05-21,1429.199951171875,1436.199951171875,1418.0999755859375,1423.9000244140625,6136364,RELIANCE.NS,62.05899364562185,40.66031130878946,42.93123084531535,1400.975,1307.5869946289065,Hold
2025-05-22,1409.4000244140625,1423.800048828125,1396.9000244140625,1421.199951171875,12134466,RELIANCE.NS,56.94987118953238,36.87012896951455,41.71901047015519,1406.445001220703,1312.2629956054689,Hold
2025-05-23,1426.800048828125,1433.800048828125,1406.5999755859375,1406.5999755859375,6474883,RELIANCE.NS,60.06160971796763,34.86847661742104,40.34890369960837,1412.7050048828123,1316.6069970703124,Hold
2025-05-26,1434.800048828125,1441.0,1425.0999755859375,1432.0,4842944,RELIANCE.NS,61.44158905094152,33.54104555390131,38.98733207046696,1419.4250061035157,1320.3069970703125,Hold
2025-05-27,1422.0999755859375,1437.0,1413.9000244140625,1426.0999755859375,12640414,RELIANCE.NS,58.014543873003056,31.10569006824653,37.41100367002288,1422.0900024414063,1323.98099609375,Hold
2025-05-28,1412.9000244140625,1422.5999755859375,1410.699951171875,1420.0999755859375,5944611,RELIANCE.NS,55.59540783584277,28.10926798380069,35.55065653277844,1422.7500061035155,1327.2929956054688,Hold
2025-05-29,1417.800048828125,1420.0,1408.5999755859375,1412.0999755859375,13771917,RELIANCE.NS,56.63265824859601,25.83219544373196,33.60696431496915,1423.3900085449218,1330.5079956054688,Hold
2025-05-30,1420.9000244140625,1430.5999755859375,1409.699951171875,1418.0,13788484,RELIANCE.NS,57.31202763128139,24.00107175744256,31.685785803463837,1423.4450073242188,1333.9679956054688,Hold
2025-06-02,1413.699951171875,1417.5,1395.5999755859375,1412.0999755859375,8098668,RELIANCE.NS,55.15100208852238,21.718549388381007,29.69233852044727,1422.5650024414062,1337.4649951171875,Hold
2025-06-03,1405.5,1426.5,1403.4000244140625,1422.300048828125,11252626,RELIANCE.NS,52.71323166232795,19.02861639163484,27.559594094684787,1421.7950012207032,1340.7979956054687,Hold
2025-06-04,1423.5,1425.699951171875,1406.0999755859375,1414.699951171875,8126827,RELIANCE.NS,57.1868833031425,18.140166136159905,25.675708502979813,1422.6700012207032,1344.3249951171874,Hold
2025-06-05,1442.4000244140625,1454.699951171875,1423.5999755859375,1428.0,13716817,RELIANCE.NS,61.32435156735634,18.74505559141176,24.2895779206662,1424.4400024414062,1347.7899951171876,Hold
2025-06-06,1443.5,1451.5,1437.0,1441.0,8182161,RELIANCE.NS,61.55720260521695,19.09310030433176,23.250282397399317,1427.7550048828125,1351.1329956054688,Hold
2025-06-09,1448.800048828125,1457.5,1445.300048828125,1457.0,7885125,RELIANCE.NS,62.72180312558348,19.57099563773113,22.51442504546568,1428.3700073242187,1354.0669970703125,Hold
2025-06-10,1438.5,1453.9000244140625,1436.0,1450.0,7913181,RELIANCE.NS,58.98218747651263,18.900727452393312,21.791685526851207,1429.510009765625,1357.127998046875,Hold
2025-06-11,1448.9000244140625,1468.5999755859375,1443.0999755859375,1445.800048828125,8195700,RELIANCE.NS,61.47953895077033,18.98982723249651,21.23131386798027,1430.735009765625,1360.6449975585938,Hold
2025-06-12,1441.5999755859375,1457.0,1434.4000244140625,1453.5,8828114,RELIANCE.NS,58.77450784362934,18.26088638751321,20.637228371886856,1430.105010986328,1363.912998046875,Hold
2025-06-13,1427.9000244140625,1435.5,1414.300048828125,1424.0,9757276,RELIANCE.NS,53.97484223741935,16.388804020752787,19.787543501660043,1428.6800109863282,1366.9689990234374,Hold
2025-06-16,1437.800048828125,1442.4000244140625,1424.4000244140625,1426.9000244140625,8458093,RELIANCE.NS,56.72502011452842,15.525051361640635,18.935045073656163,1428.530010986328,1370.673000488281,Hold
2025-06-17,1431.199951171875,1448.0,1425.800048828125,1448.0,10366599,RELIANCE.NS,54.391583644056674,14.144894891334388,17.97701503719181,1428.860009765625,1374.2739990234377,Hold
2025-06-18,1430.0999755859375,1442.800048828125,1425.699951171875,1430.0,6681735,RELIANCE.NS,53.99294836204431,12.814632995876307,16.94453862892871,1428.905010986328,1377.9019995117187,Hold
2025-06-19,1433.300048828125,1439.9000244140625,1425.699951171875,1430.0999755859375,10007230,RELIANCE.NS,55.02563980857553,11.881645809400196,15.93196006502301,1430.100012207031,1382.4740014648437,Hold
2025-06-20,1466.199951171875,1471.0,1428.0999755859375,1431.0,29010635,RELIANCE.NS,63.977931083012365,13.639763205714416,15.47352069316129,1432.0700073242188,1388.4840014648437,Hold
2025-06-23,1456.800048828125,1463.800048828125,1442.0,1453.0,5989078,RELIANCE.NS,60.2856354263656,14.111916953687796,15.201199945266591,1433.170007324219,1393.9760034179687,Hold
2025-06-24,1450.800048828125,1475.0,1443.0999755859375,1465.0,16402744,RELIANCE.NS,57.98527141766875,13.842385936246046,14.929437143462485,1434.605010986328,1399.2850048828125,Hold
2025-06-25,1467.300048828125,1472.4000244140625,1460.5,1464.0,7525851,RELIANCE.NS,62.25110882007239,14.789706239546604,14.90149096267931,1437.3250122070312,1404.2520068359374,Hold
2025-06-26,1495.300048828125,1498.800048828125,1465.0999755859375,1469.0999755859375,14657893,RELIANCE.NS,68.15918035081023,17.59698332914627,15.440589435972704,1441.2000122070312,1409.3560083007812,Hold
2025-06-27,1515.4000244140625,1522.0,1496.9000244140625,1499.4000244140625,11117052,RELIANCE.NS,71.59590461941721,21.19929837965788,16.59233122470974,1445.9250122070312,1414.8780078125,Sell
2025-06-30,1500.5999755859375,1524.800048828125,1496.0,1513.800048828125,8409527,RELIANCE.NS,65.95126903603752,22.59940686451409,17.79374635267061,1450.2700134277345,1419.400007324219,Hold
2025-07-01,1528.4000244140625,1531.4000244140625,1500.0999755859375,1500.5999755859375,10368523,RELIANCE.NS,70.63456180687861,25.656482571251672,19.36629359638682,1456.4150146484376,1424.0580078125,Sell
2025-07-02,1518.800048828125,1530.0,1508.699951171875,1528.4000244140625,6361002,RELIANCE.NS,67.1973087164344,26.99343576971773,20.891722031053007,1461.1800170898437,1428.610009765625,Hold
2025-07-03,1517.800048828125,1531.9000244140625,1513.0,1520.800048828125,11283291,RELIANCE.NS,66.83247384032221,27.653516642935077,22.24408095342942,1464.950018310547,1432.9660107421876,Hold
2025-07-04,1527.300048828125,1530.0,1517.199951171875,1524.0,6603501,RELIANCE.NS,68.57784853241431,28.613368989268565,23.51793856059725,1469.1400207519532,1437.4800122070312,Hold
2025-07-07,1541.5,1544.800048828125,1525.0,1526.5999755859375,7251074,RELIANCE.NS,71.03169094378603,30.172071416895733,24.848765131856947,1473.7750183105468,1442.30201171875,Sell
2025-07-08,1537.5999755859375,1544.9000244140625,1530.199951171875,1536.0,7171261,RELIANCE.NS,69.4280365009119,30.73832269420677,26.026676644326912,1478.7300170898438,1445.6780102539062,Hold
2025-07-09,1519.0,1551.0,1510.0999755859375,1536.699951171875,8870660,RELIANCE.NS,62.2140273924168,29.3479138454245,26.69092408454643,1482.2350158691406,1448.0640112304689,Hold
2025-07-10,1517.199951171875,1524.699951171875,1507.5,1519.699951171875,10047129,RELIANCE.NS,61.54751394850801,27.780519383930823,26.90884314442331,1486.0150146484375,1450.3080102539063,Hold
2025-07-11,1495.199951171875,1515.0,1490.300048828125,1512.0,7234991,RELIANCE.NS,53.94135299136926,24.480930909724066,26.423260697483464,1489.3800109863282,1451.8160083007813,Hold
2025-07-14,1483.699951171875,1500.0,1479.0999755859375,1492.199951171875,10311846,RELIANCE.NS,50.43280091191398,20.699419359736112,25.278492429933998,1491.6750061035157,1452.8640063476562,Hold
2025-07-15,1485.4000244140625,1496.5,1482.4000244140625,1486.199951171875,8132454,RELIANCE.NS,50.94082095076411,17.636424194766505,23.75007878290049,1494.385009765625,1454.154006347656,Hold
2025-07-16,1485.5999755859375,1491.0,1471.5,1473.0,10409983,RELIANCE.NS,51.00442493615877,15.051607287834258,22.01038448388725,1497.160009765625,1455.746005859375,Hold
2025-07-17,1476.4000244140625,1489.5999755859375,1473.9000244140625,1487.4000244140625,11854613,RELIANCE.NS,47.92564750846906,12.121038309571531,20.032515249024108,1499.315008544922,1457.1340063476562,Hold
2025-07-18,1476.0,1484.800048828125,1469.0999755859375,1484.800048828125,10296318,RELIANCE.NS,47.79056526507776,9.654966213120588,17.957005441843407,1499.8050109863282,1459.1100073242187,Hold
2025-07-21,1428.5999755859375,1476.0,1423.0999755859375,1465.0,22442744,RELIANCE.NS,35.14859004434348,3.831631811495981,15.131930715773922,1498.3950073242188,1458.9520068359377,Hold
2025-07-22,1412.800048828125,1431.9000244140625,1410.699951171875,1427.4000244140625,20396320,RELIANCE.NS,32.10038485333554,-2.034868008764761,11.698570970866186,1496.4950073242187,1458.8940087890626,Hold
2025-07-23,1424.5999755859375,1426.0,1414.4000244140625,1426.0,8354596,RELIANCE.NS,36.52759527027051,-5.666634474057901,8.22552988188137,1494.3600036621094,1458.8980078125,Hold
2025-07-24,1402.9000244140625,1423.0,1396.0,1419.199951171875,14740507,RELIANCE.NS,32.35021381251485,-10.178508755744131,4.54472215435627,1489.7400024414062,1457.8720092773438,Hold
2025-07-25,1391.699951171875,1401.0,1384.0999755859375,1398.9000244140625,11854722,RELIANCE.NS,30.41672236366827,-14.49091172788644,0.737595377907728,1483.554998779297,1456.5780078125,Hold
2025-07-28,1387.5999755859375,1407.800048828125,1385.0,1392.300048828125,7748361,RELIANCE.NS,29.71654430680114,-18.031500009464253,-3.016223699566668,1477.9049987792969,1455.5140063476565,Hold
2025-07-29,1417.0999755859375,1420.199951171875,1383.0,1383.0,10750072,RELIANCE.NS,40.355352673567545,-18.24670165446741,-6.062319290546818,1472.3399963378906,1455.3640063476562,Hold
2025-07-30,1410.0999755859375,1423.300048828125,1401.300048828125,1418.0999755859375,7209849,RELIANCE.NS,38.85248951316066,-18.765771870302387,-8.603009806497932,1466.9049926757812,1454.9820068359377,Hold
2025-07-31,1390.199951171875,1402.5999755859375,1382.199951171875,1388.0999755859375,17065827,RELIANCE.NS,34.87612022877049,-20.546062199268363,-10.99162028505202,1460.524987792969,1454.5980053710937,Hold
2025-08-01,1400.199951171875,1405.9000244140625,1384.300048828125,1386.9000244140625,7569271,RELIANCE.NS,38.29377291235859,-20.909012602882516,-12.97509874861812,1454.1699829101562,1454.066003417969,Hold
